Locus,Total_Raw_Height,Final_Weight,Contributor_1_P,Contributor_2_P,Contributor_3_P,Contributor_4_P
D8S1179,2464.0,0.06357616797853986,0.14971534765782182,0.33352332067492074,0.02759738285117544,0.489163948816082
D21S11,2297.0,0.061383902212046426,0.16029623460109535,0.33800365019068856,0.031129595623747654,0.4705705195844685
D7S820,1572.0,0.05078088513839527,0.23384219268998405,0.2520355943272041,0.22379117064164628,0.2903310423411656
CSF1PO,2448.0,0.06336941566522585,0.20915024058648224,0.22589856624506707,0.19893838238831488,0.36601281078013587
D3S1358,2781.0,0.06754208922256803,0.0677812254496451,0.3790903677030493,0.033081498267801844,0.5200469085795039
TH01,3433.0,0.07504312266754197,0.14957787126471117,0.40962681307764515,0.005097611608890414,0.43569770404875335
D13S317,3258.0,0.07310541313129035,0.1124923243844934,0.3829036085640336,0.11249232438449298,0.39211174266698007
D16S539,3066.0,0.07091858650661664,0.016960204607473862,0.3964448760081781,0.011089349425550376,0.5755055699587976
D2S1338,2481.0,0.06379510812935875,0.2648558017270012,0.3381452605685593,0.016328745659404693,0.38067019204503494
D19S433,2485.0,0.06384651434892441,0.22979838301863667,0.36203761190914757,0.018185132059181326,0.3899788730130345
vWA,2344.0,0.0620087246821801,0.2134824268472629,0.29256392981153906,0.12372514872313116,0.3702284946180669
TPOX,2072.0,0.05830004248963721,0.19003341639210536,0.24300107767329357,0.1805832473766301,0.386382258557971
D18S51,1801.0,0.054353917661878845,0.3024288096925761,0.33128826522068444,0.024989664863605387,0.34129326022313405
AMEL,2391.0,0.0626273137108941,0.3333333333333332,0.33333333333333326,2.775557561562892e-17,0.33333333333333365
D5S818,1917.0,0.05607703620956241,0.15345768319800318,0.2566045844842641,0.07559272709484716,0.5143450052228855
FGA,1730.0,0.05327176024533966,0.25838193646171714,0.2833812919713037,0.17239852930491908,0.28583824226206006
